{
   "inclination":4.568540096282959,
   "meanAnomaly":3.0162653923034668,
   "epoch":4679375,
   "eccentricity":0.41467386484146118,
   "LAN":76.093597412109375,
   "argumentOfPeriapsis":272.96319580078125,
   "centralBody":{
      "mass":2.645758e+19,
      "orbit":{
         "inclination":0.10471975511965977,
         "meanAnomaly":0.90000000000000002,
         "epoch":0,
         "eccentricity":0,
         "LAN":1.3613568165555769,
         "argumentOfPeriapsis":0.66322511575784526,
         "centralBody":{
            "mass":5.2915158000000001e+22,
            "orbit":{
               "inclination":0,
               "meanAnomaly":3.1400000000000001,
               "epoch":0,
               "eccentricity":0,
               "LAN":0,
               "argumentOfPeriapsis":0,
               "centralBody":{
                  "mass":1.7565459e+28,
                  "atmosphereAltitude":70000,
                  "gravitationalParameter":1.1723328e+18,
                  "radius":261600000
               },
               "semiMajorAxis":13599840256
            },
            "atmosphereAltitude":70000,
            "gravitationalParameter":3531600000000,
            "radius":600000
         },
         "semiMajorAxis":47000000
      },
      "atmosphereAltitude":70000,
      "gravitationalParameter":1765800000,
      "radius":60000
   },
   "semiMajorAxis":134442.265625
}
