{"inclination":1.0217025279998779,"meanAnomaly":6.1861628855215471,"epoch":3830468,"eccentricity":2.5794272422790527,"LAN":240.75843811035156,"argumentOfPeriapsis":280.25537109375,"centralBody":{"mass":9.7599065999999998e+20,"orbit":{"inclination":0,"meanAnomaly":1.7,"epoch":0,"eccentricity":0,"LAN":0,"argumentOfPeriapsis":0,"centralBody":{"mass":5.2915158000000001e+22,"orbit":{"inclination":0,"meanAnomaly":3.1400000000000001,"epoch":0,"eccentricity":0,"LAN":0,"argumentOfPeriapsis":0,"centralBody":{"mass":1.7565459e+28,"atmosphereAltitude":70000,"gravitationalParameter":1.1723328e+18,"radius":261600000},"semiMajorAxis":13599840256},"atmosphereAltitude":70000,"gravitationalParameter":3531600000000,"radius":600000},"semiMajorAxis":12000000},"atmosphereAltitude":70000,"gravitationalParameter":65138398000,"radius":200000},"semiMajorAxis":-703758.125}